{
  "users": [
    {
      "name": "Henry",
      "phone": "333-444-555",
      "email": "henry@gmail.com",
      "education": "adsfasfd",
      "graduationschool": "asdfasfd",
      "profession": "asdfasdf",
      "profile": "asdfasfdasdf",
      "id": 1
    },
    {
      "name": "adfasdf",
      "phone": "fasdfasfd",
      "email": "asdfasfd",
      "education": "fasdfasfd",
      "graduationschool": "fasfasdf",
      "profession": "sdfasdfafd",
      "profile": "asdfasdf",
      "id": 3
    },
    {
      "name": "米斯特吴",
      "phone": "13651322451",
      "email": "27732357@qq.com",
      "education": "本科",
      "graduationschool": "北京语言大学",
      "profession": "前端开发工程师",
      "profile": "大家好!",
      "id": 4
    },
    {
      "name": "asdfasfd",
      "phone": "asfasf",
      "email": "asdfasfd",
      "id": 5
    }
  ],
  "companies": [
    {
      "id": 1,
      "name": "Apple",
      "description": "Apple is good!"
    },
    {
      "id": 2,
      "name": "Microsoft",
      "description": "Microsoft is good!"
    },
    {
      "id": 3,
      "name": "Google",
      "description": "Google is good!"
    }
  ]
}